<?xml version="1.0" encoding="UTF-8"?>
<ExampleScenario xmlns:xsi="http://www.w3.org/2001/XMLSchema-instance" xsi:schemaLocation="http://hl7.org/fhir ../../schema/examplescenario.xsd">
	<id value="example"/>

	<!-- REMOVE TITLE , ADD NAME --> 
	<title value="Mobile Medication Administration"/> 
	<name value="Mobile Medication Administration"/> 
	<status value="draft"/>

	<!-- REMOVE TITLE --> 
	<description value="This scenario demonstrates the process of getting the relevant medication instructions for a patient visit and reporting the results of administration. The scenario is as follows: After the prescription is issued, the institution schedules each individual administration event in the Medication Administration Record (MAR). When preparing for a visit, the nurse queries the MAR for the scheduled administrations, obtaining a bundle of records. The nurse then performs the care activities and registers the results in the device. Upon synchronization of the device and the institution, the results of administration are uploaded to the EHR, thus updating the MAR." />
	<purpose value="Purpose: this serves to enable remote performing of medication administration, by using remote / mobile devices to a) Get the planned medication administrations and b) Record the performing of these administrations without a permanent connection to the EHR."/>

	<!-- First define actors--> 
	<actor>
		<actorId value="Nurse"/>
		<type value="person"/>
		<name value="Nurse"/>
		<description value="The Nurse" />
	</actor>
	<actor>
		<actorId value="MAP"/>
		<type value="entity"/>
		<name value="Nurse's Tablet" />
		<description value="The entity that receives the Administration Requests to show the nurse to perform them" />
	</actor>	
	<actor>
		<actorId value="OP"/>
		<type value="entity"/>
		<name value="MAR / Scheduler" />
		<description value="The Medication Administration Order Placer" />
	</actor>
	<actor>
		<actorId value="MAC"/>
		<type value="entity"/>
		<name value="MAR / EHR" />
		<description value="The entity that receives the Medication Administration reports" />
	</actor>


	<!-- Then define the resource instances --> 

	<instance>
		<resourceId value="iherx001"/>
		<resourceType value="MedicationRequest"/>
		<name value="Initial Prescription"/>
		<description value="The initial prescription which describes &quot;medication X, 3 times per day&quot; - the exact scheduling is not   in the initial prescription (it is left for the care teams to decide on the schedule)."/>
	</instance>
	<instance>
		<resourceId value="iherx001.001"/>
		<resourceType value="MedicationRequest"/>
		<name value="Request for day 1, morning" />
		<description value="The administration request for day 1, morning" />
	</instance>
	<instance>
		<resourceId value="iherx001.002" />
		<resourceType value="MedicationRequest"/>
		<name value="Request for day 1, lunch" />
		<description value="The administration request for day 1, lunch" />
	</instance>
	<instance>
		<resourceId value="iherx001.003" />
		<resourceType value="MedicationRequest"/>
		<name value="Request for day 1, evening" />
		<description value="The administration request for day 1, evening" />
	</instance>
	<instance>
		<resourceId value="iherx001.004" />
		<resourceType value="MedicationRequest"/>
		<name value="Request for day 2, morning" />
		<description value="The administration request for day 2, morning" />
	</instance>
	<instance>
		<resourceId value="iherx001.005" />
		<resourceType value="MedicationRequest"/>
		<name value="Request for day 2, lunch" />
		<description value="The administration request for day 2, lunch" />
	</instance>
	<instance>
		<resourceId value="iherx001.006" />
		<resourceType value="MedicationRequest"/>
		<name value="Request for day 2, evening" />
		<description value="The administration request for day 2, evening" />
	</instance>


	<instance>
		<resourceId value="iheadm001a" />
		<resourceType value="MedicationAdministration"/>
		<name value="Morning meds - taken" />
		<description value="Administration report for day 1, morning: Taken" />
	</instance>

	<instance>
		<resourceId value="iheadm001b" />
		<resourceType value="MedicationAdministration"/>
		<name value="Morning meds - not taken" />
		<description value="Administration report for day 1, morning: NOT Taken" />
	</instance>

	<instance>
		<resourceId value="iherx001bundle" />
		<resourceType value="MedicationRequest"/>
		<name value="Bundle of Medication Requests" />
		<description value="All the medication Requests for Day 1" />
		<containedInstance>
			<resourceId value="iherx001.001" />
		</containedInstance>
		<containedInstance>
			<resourceId value="iherx001.002" />
		</containedInstance>
		<containedInstance>
			<resourceId value="iherx001.003" />
		</containedInstance>
		<containedInstance>
			<resourceId value="iherx001.004" />
		</containedInstance>
		<containedInstance>
			<resourceId value="iherx001.005" />
		</containedInstance>
		<containedInstance>
			<resourceId value="iherx001.006" />
		</containedInstance>
	</instance>



	<instance>
		<resourceId value="iheadm002" />
		<resourceType value="MedicationAdministration"/>
		<name value="Lunch meds - taken" />
		<description value="Administration report for day 1, lunch: Taken" />
		<version>
			<versionId value="iheadm002v1" />
			<description value="Medication just taken" />
		</version>
		<version>
			<versionId value="iheadm002v2" />
			<description value="Medication rejected" />
		</version>
	</instance>



	<!-- QUESTION: How to define search actions?-->		
	<instance>
		<resourceId value="iherxqry"/>
		<resourceType value="SearchParameter"/>
		<name value="Search query1" />
		<description value="The search administration request for day 1, morning" />
	</instance>	

	<process>
		<title value="Mobile Medication Administration"/>
		<description value="Mobile Medication Administration" />
		<preConditions value="Medication administration requests are in the EHR / MAR, scheduled for each individual intake."/>
		<postConditions value="Medication administration Reports are submitted, EHR is updated."/>

		<step>
			<operation> 
				<number value="1"/> 
				<name value="Nurse checks today's schedule"/> 
				<initiator value="Nurse"/> 
				<receiver value="MAP"/> 
			</operation>		
		</step>

		<step>
			<process> 
				<title value="Query Administration Requests"/> 
				<description value="Query for medication administration orders,\n- For today's shifts\n- For today's patients" />

				<step>
					<operation> 
						<number value="2"/> 
						<name value="Query for medication administration orders,\n- For today's shifts\n- For today's patients"/>
						<initiator value="MAP"/> 
						<receiver value="OP"/> 
						<request>
							<resourceId value="iherxqry"/>
						</request>
						<response>
							<resourceId value="iherx001bundle"/>
						</response>
					</operation>
				</step>
			</process>	
		</step>

		<step>
			<pause value="true"/>		
		</step>


		<step>
			<operation>		
				<number value="3"/> 
				<name value="Notify (alert)"/> 
				<initiator value="MAP"/> 
				<receiver value="Nurse"/> 
			</operation>
		</step>
		<step>
			<operation>		
				<number value="4"/> 
				<name value="Read orders"/> 
				<initiator value="Nurse"/> 
				<receiver value="MAP"/> 
			</operation>
		</step>


		<step>
			<pause value="true"/>		
		</step>

		<step>
			<operation>		
				<number value="5"/> 
				<name value="Ask if patient took meds"/> 
				<initiator value="Nurse"/> 
				<receiver value="Nurse"/> 
			</operation>
		</step>

		<step>
			<alternative>
				<name value="Did patient take meds"/>		
				<option>
					<name value="Yes"/>		
					<description value="Yes, patient took meds"/>
					<step>
						<process>
							<title value="Register Meds taken"/>
							<step>
								<operation>		
									<number value="1a"/> 
									<name value="Register Meds taken"/> 
									<initiator value="Nurse"/> 
									<receiver value="MAP"/> 
									<initiatorActive value="true"/>
								</operation>
							</step>
						</process>
					</step>
				</option>
				<option>
					<name value="No"/>		
					<description value="No, patient did not take meds"/>
					<step>
						<process>
							<title value="Register Meds NOT taken"/>
							<step>
								<operation>		
									<number value="1b"/> 
									<name value="Register Meds NOT taken"/> 
									<initiator value="Nurse"/> 
									<receiver value="MAP"/> 
									<initiatorActive value="true"/>
								</operation>
							</step>
						</process>
					</step>
				</option>


				<option>
					<name value="Not sure"/>		
					<description value="Not sure"/>
					<step>
						<pause value="true"/>		
					</step>
				</option>



			</alternative>
		</step>

		<step>
			<pause value="true"/>		
		</step>



		<step>
			<operation>		
				<number value="6"/> 
				<name value="Administer drug"/> 
				<initiator value="Nurse"/> 
				<receiver value="Nurse"/> 
			</operation>
		</step>
		<step>
			<operation>		
				<number value="7"/> 
				<name value="Register administration"/> 
				<initiator value="Nurse"/> 
				<receiver value="MAP"/> 
				<initiatorActive value="true"/>
			</operation>
		</step>

		<step>
			<pause value="true"/>		
		</step>

		<step>
			<process>
				<title value="P2. Update administration reports"/>
				<step>
					<operation>		
						<number value="8"/> 
						<name value="Nurse updates administration report"/> 
						<initiator value="Nurse"/> 
						<receiver value="MAP"/> 
						<initiatorActive value="true"/>
						<request>
							<resourceId value="iheadm002"/>
						</request>
					</operation>
				</step>
			</process>
		</step>

		<step>
			<pause value="true"/>		
		</step>

		<step>
			<process>
				<title value="P3. Upload administration reports"/>
				<description value="The nurse's system uploads the administration results to the server"/>
				<step>
					<operation>		
						<number value="9"/> 
						<name value="Refresh"/> 
						<initiator value="MAP"/> 
						<receiver value="MAC"/> 
						<request>
							<resourceId value="iheadm001"/>
						</request>
					</operation>		
				</step>
			</process>
		</step>



	</process>


</ExampleScenario>
